Workbook

Sheet 0.요약
A1: AP 협의 대응 요약 — 인력 구분 · OP 육성/충원 · 소요인원
A2: 2026-09-01(화) 15:40 AP 생산지원팀 협의용. 입력은 1~5번 시트에서만.
A4: ① AP 요구사항 3건 및 답변
A5: No | B5: AP 요구 | C5: 답변 (자동 연결) | D5: 산출 시트
A6: 1 | B6: 비정규를 일용 / 일용 외로 구분 | C6: =IF('1.인원구분현황'!$G$11=0,"1.인원구분현황 시트 미입력","일용 외 "&TEXT(SUM('1.인원구분현황'!$C$7:$E$10),"0")&"명 / 일용 "&TEXT(SUM('1.인원구분현황'!$F$7:$F$10),"0")&"명 (일용 일평균 "&TEXT('1.인원구분현황'!$C$37,"0.0")&"명)") | D6: 1.인원구분현황
A7: 2 | B7: OP 육성 n명 / 충원 n명 / 전환시점 / 월별 인원 | C7: ="육성 중 "&TEXT('2.OP육성전환계획'!$B$68,"0")&"명, 충원 중 "&TEXT('2.OP육성전환계획'!$B$71,"0")&"명 → "&'3.월별인원추이'!$A$11&" 보유 OP "&TEXT('3.월별인원추이'!$F$11,"0")&"명" | D7: 2 · 3번 시트
A8: 3 | B8: 단기 대응 (일용 충원 · 휴가 최소화 등) 인원수까지 | C8: =IF('5.단기대응현황'!$F$13=0,"5.단기대응현황 시트 미입력","적용 "&TEXT('5.단기대응현황'!$D$13,"0")&"명 / 월 "&TEXT('5.단기대응현황'!$F$13,"#,##0")&" M·H 확보 = 정규 "&TEXT('5.단기대응현황'!$F$13/209,"0.0")&"명분") | D8: 5.단기대응현황
A10: ② 충원 인원 — 협의 포지션
A11: 구분 | B11: 기준 | C11: 인원(명) | D11: 월 비용 영향(원) | E11: 메모
A12: 제니엘 기존 제시 | B12: 에버리지 (튜브+1 · 직선+1) | C12: 12 | D12: =IF($C12="","",$C12*209*35121) | E12: 재확인 후 정정 필요
A13: AP 지원팀 ↔ 포장팀 합의 | B13: 에버리지 | C13: 6 | D13: =IF($C13="","",$C13*209*35121) | E13: 크로스트레이닝 충당 전제
A14: 포장팀 현재 요구 | B14: 맥스 (튜브 6대 · 직선+2) | D14: =IF($C14="","",$C14*209*35121) | E14: 필요 인원 미제시 상태
A15: 본 시뮬 — 에버리지 잔여 | B15: 충당 수단 소진 후 | C15: ='4.소요인원시뮬'!$B$29 | D15: =IF($C15="","",$C15*209*35121) | E15: AP에 제시할 숫자
A16: 본 시뮬 — 맥스 잔여 | B16: 충당 수단 소진 후 | C16: ='4.소요인원시뮬'!$D$29 | D16: =IF($C16="","",$C16*209*35121) | E16: 별도 전략으로 분리 제시
A18: ③ 협의 원칙 (내일 미팅에서 지킬 것)
A19: 1. 에버리지를 먼저 말하고, 맥스는 별도 안건으로 분리한다. 맥스 기준 인원을 곧바로 충원 요구로 제시하지 않는다.
A20: 2. 충당 수단(일용 · 크로스트레이닝 · 재배치 · 외주화)을 모두 소진한 뒤 남는 잔여만 충원 요청 숫자로 낸다.
A21: 3. 충원 협의 창구는 AP 생산지원팀으로 일원화한다. 포장팀 요구는 '물량 · 가동 계획'으로만 접수한다.
A22: 4. 원료측량 · 내용물창고 전례(무작정 정규 충원 → 유휴 전환)를 반복하지 않는다. 전환 전 물량 지속성 확인.
A23: 5. 계획은 월 단위 가시성으로 제출하고, 이후 팔로업을 정례화한다. 이번 지적의 본질은 인원수가 아니라 팔로업 부재다.
A25: ④ 리스크
A26: 구분 | B26: 내용 | C26: 대응
A27: 노무 | B27: 포장팀(현장 부서)이 도급사 인력 편성에 직접 관여 → 위장도급 시비 소지 | E27: 충원 협의 창구 지원팀 일원화. 포장팀 요구는 물량 기준으로만 접수 · 문서화
A28: 손익 | B28: 맥스 기준 12명 충원 시 월 8,808만원 · 연 10.6억원 규모 공수가 지속 확보되어야 함 | E28: 에버리지 기준 충원 + 변동분은 일용 · 크로스트레이닝으로 흡수
A29: 품질·안전 | B29: 일용 비중 확대 및 잔업 · 휴가 최소화로 숙련도 저하 · 장시간 근로 위험 | E29: 일용 투입 공정 한정. 교육 이수 확인 후 단독 투입
A30: 관계 | B30: '계획만 있고 팔로업 없다'는 임원 인식 고착 | E30: 월별 추이표를 정례 보고물로 고정. 9월부터 매월 갱신 제출

Sheet 1.인원구분현황
A1: 인원 구분 현황 — 정규 / 비정규(일용 · 일용 외)
A2: AP 요구① : 비정규를 '일용'과 '일용 외'로 분리 제시. 노란 셀 입력.
A4: ① 계약유형별 인원 (2026-08-31 기준)
A5: 고객 / 계약 | B5: 정규 | C5: 비정규 — 일용 외 | F5: 비정규 — 일용 | G5: 합계 | H5: 비고
C6: 무기계약직 | D6: 촉탁직 | E6: 계약직 (정규전환 대기)
A7: AP — 생산도급 | G7: =SUM(B7:F7) | H7: 현 인원 기준 153명 (CLAUDE.md 기본값 — 실제값으로 교체)
A8: AP — 업무도급 | G8: =SUM(B8:F8) | H8: 현 인원 기준 91명 (CLAUDE.md 기본값 — 실제값으로 교체)
A9: 코스비전 — 생산도급 | G9: =SUM(B9:F9) | H9: 현 인원 기준 55명 (CLAUDE.md 기본값 — 실제값으로 교체)
A10: 코스비전 — 업무도급 | G10: =SUM(B10:F10) | H10: 현 인원 기준 55명 (CLAUDE.md 기본값 — 실제값으로 교체)
A11: 합계 | B11: =SUM(B7:B10) | C11: =SUM(C7:C10) | D11: =SUM(D7:D10) | E11: =SUM(E7:E10) | F11: =SUM(F7:F10) | G11: =SUM(G7:G10)
A13: ② 통화 언급 수치 — 정합성 확인 필요 (제출 전 반드시 해소)
A14: 통화 언급 항목 | B14: 수치 | C14: 해석 / 확인사항
A15: 정규 + 계약직 합계 | B15: 96 | C15: '15명과 81명 합쳐서 96명' — 81=정규 / 15=계약직(촉탁·무기 포함) 여부 확인
A16: 계약직(일용 외) | B16: 15 | C16: 촉탁직 + 무기계약직 + 정규전환 대기 계약직 내역 분해 필요
A17: 실제 단기(일용) 투입 | B17: 14 | C17: 2026-08-31 일자 기준 실투입. 일별 편차 있으므로 8월 평균 병기 권장
A18: 비정규 인원 | B18: 25 | C18: 이명일님·김상은님이 문제 삼은 수치. 위 15명 + 일용 몇 명인지 불일치 — 기준일·집계범위 확인
A20: ※ 위 4개 수치는 서로 정합하지 않음. 기준일과 집계 범위(팀·계약유형)를 통일한 뒤 ①표를 확정할 것.
A22: ③ 일용(단기) 일별 투입 추이 — '하루에 얼마나 들어오는지'에 대한 답
A23: 일자 | B23: 요일 | C23: 일용 투입(명) | D23: 배치 라인 | E23: 비고
A24: 46251 | B24: =IF($A24="","",CHOOSE(WEEKDAY($A24),"일","월","화","수","목","금","토"))
A25: 46252 | B25: =IF($A25="","",CHOOSE(WEEKDAY($A25),"일","월","화","수","목","금","토"))
A26: 46253 | B26: =IF($A26="","",CHOOSE(WEEKDAY($A26),"일","월","화","수","목","금","토"))
A27: 46254 | B27: =IF($A27="","",CHOOSE(WEEKDAY($A27),"일","월","화","수","목","금","토"))
A28: 46255 | B28: =IF($A28="","",CHOOSE(WEEKDAY($A28),"일","월","화","수","목","금","토"))
A29: 46256 | B29: =IF($A29="","",CHOOSE(WEEKDAY($A29),"일","월","화","수","목","금","토"))
A30: 46258 | B30: =IF($A30="","",CHOOSE(WEEKDAY($A30),"일","월","화","수","목","금","토"))
A31: 46259 | B31: =IF($A31="","",CHOOSE(WEEKDAY($A31),"일","월","화","수","목","금","토"))
A32: 46260 | B32: =IF($A32="","",CHOOSE(WEEKDAY($A32),"일","월","화","수","목","금","토"))
A33: 46261 | B33: =IF($A33="","",CHOOSE(WEEKDAY($A33),"일","월","화","수","목","금","토"))
A34: 46262 | B34: =IF($A34="","",CHOOSE(WEEKDAY($A34),"일","월","화","수","목","금","토"))
A35: 46263 | B35: =IF($A35="","",CHOOSE(WEEKDAY($A35),"일","월","화","수","목","금","토"))
A36: 46265 | B36: =IF($A36="","",CHOOSE(WEEKDAY($A36),"일","월","화","수","목","금","토"))
A37: 평균 / 최대 | C37: =IF(COUNT(C24:C36)=0,0,ROUND(AVERAGE(C24:C36),1)) | D37: =IF(COUNT(C24:C36)=0,0,MAX(C24:C36)) | E37: ← 평균 / 최대

Sheet 2.OP육성전환계획
A1: OP 육성 · 충원 · 전환 계획 (개인 단위)
A2: AP 요구② : 육성 중 n명 / 충원 중 n명 / 전환 시점 → 월별 보유 OP 추이의 원천 데이터. 4행 = 예시행.
A3: No | B3: 성명(이니셜) | C3: 소속 라인 | D3: 현재 계약구분 | E3: 입사일 / 입사예정일 | F3: OP 육성단계 | G3: 단독 투입 가능 라인 | H3: 전환 예정월 (YYYY-MM) | I3: 전환 후 구분 | J3: 비고
A4: 1 | B4: 김○○ | C4: 튜브 4호기 | D4: 계약직 | E4: 46188 | F4: 교육중 | G4: 튜브 4·5호기 | H4: 2026-09 | I4: 정규 | J4: ◀ 예시행 — 실제 데이터로 덮어쓰기
A5: 2
A6: 3
A7: 4
A8: 5
A9: 6
A10: 7
A11: 8
A12: 9
A13: 10
A14: 11
A15: 12
A16: 13
... A63: 60
A65: 단계별 집계 (자동)
A66: 구분 | B66: 인원(명)
A67: 육성 미시작 | B67: =COUNTIFS($F$4:$F$63,"미시작")
A68: 육성 중 (교육중) | B68: =COUNTIFS($F$4:$F$63,"교육중")
A69: 단독 투입 가능 | B69: =COUNTIFS($F$4:$F$63,"단독가능")
A70: 숙련(다능공) | B70: =COUNTIFS($F$4:$F$63,"숙련(다능공)")
A71: 충원 중 (입사예정) | B71: =COUNTIFS($D$4:$D$63,"충원예정")

Sheet 3.월별인원추이
A1: 월별 OP 보유 · 전체 인원 추이 계획
A2: AP 요구② 의 최종 산출물. 전환 인원은 [2.OP육성전환계획]에서 자동 집계. 기초값·이탈·충원만 입력.
A4: ① 월별 추이
A5: 월 | B5: 기초 OP 보유(명) | C5: 신규 전환(+) [자동] | D5: 충원 입사(+) | E5: 이탈(-) | F5: 기말 OP 보유(명) | G5: 기말 전체 인원(명) | H5: 필요 OP(명) | I5: 과부족(명)
A6: 2026-09 | C6: =COUNTIFS('2.OP육성전환계획'!$H$4:$H$63,$A6) | F6: =B6+C6+D6-E6 | I6: =F6-H6
A7: 2026-10 | B7: =F6 | C7: =COUNTIFS('2.OP육성전환계획'!$H$4:$H$63,$A7) | F7: =B7+C7+D7-E7 | I7: =F7-H7
A8: 2026-11 | B8: =F7 | C8: =COUNTIFS('2.OP육성전환계획'!$H$4:$H$63,$A8) | F8: =B8+C8+D8-E8 | I8: =F8-H8
A9: 2026-12 | B9: =F8 | C9: =COUNTIFS('2.OP육성전환계획'!$H$4:$H$63,$A9) | F9: =B9+C9+D9-E9 | I9: =F9-H9
A10: 2027-01 | B10: =F9 | C10: =COUNTIFS('2.OP육성전환계획'!$H$4:$H$63,$A10) | F10: =B10+C10+D10-E10 | I10: =F10-H10
A11: 2027-02 | B11: =F10 | C11: =COUNTIFS('2.OP육성전환계획'!$H$4:$H$63,$A11) | F11: =B11+C11+D11-E11 | I11: =F11-H11
A13: ※ 2026-09 기초 OP 보유(B6)는 8/31 실적치를 입력. 이후 월은 전월 기말이 자동 연결됨.
A14: ※ H열 필요 OP는 [4.소요인원시뮬] 시나리오와 일치시킬 것. I열이 음수면 그 달의 부족 인원.
A16: ② 요약 문장 (AP 보고용)
A17: ="현재 육성 중 "&TEXT('2.OP육성전환계획'!$B$68,"0")&"명, 충원 중 "&TEXT('2.OP육성전환계획'!$B$71,"0")&"명. "&$A$11&" 기준 보유 OP "&TEXT($F$11,"0")&"명 / 전체 인원 "&TEXT($G$11,"0")&"명 전망."

Sheet 4.소요인원시뮬
A1: 소요인원 시뮬레이션 — 에버리지 / +10% / 맥스
A2: AP 지원팀이 지정한 협의 프레임. ①라인별 소요 → ②시나리오별 부족 → ③충당 수단 → ④잔여만 충원 요청.
A4: ① 라인별 가동 대수 및 소요 OP
A5: 라인 | B5: 대당 필요 OP(명) | C5: 현행 가동대수 | D5: 현행 소요 OP | E5: +10% 물량 가동대수 | F5: +10% 소요 OP | G5: 맥스 가동대수 | H5: 맥스 소요 OP | I5: 비고
A6: 튜브 | D6: =IF(OR($B6="",$C6=""),"",ROUND($B6*$C6,0)) | F6: =IF(OR($B6="",$E6=""),"",ROUND($B6*$E6,0)) | H6: =IF(OR($B6="",$G6=""),"",ROUND($B6*$G6,0)) | I6: 포장팀 요구: 6대 교대 (현행 대비 +3대)
A7: 직선 | D7: =IF(OR($B7="",$C7=""),"",ROUND($B7*$C7,0)) | F7: =IF(OR($B7="",$E7=""),"",ROUND($B7*$E7,0)) | H7: =IF(OR($B7="",$G7=""),"",ROUND($B7*$G7,0)) | I7: 포장팀 요구: +2대
A8: 치약 | D8: =IF(OR($B8="",$C8=""),"",ROUND($B8*$C8,0)) | F8: =IF(OR($B8="",$E8=""),"",ROUND($B8*$E8,0)) | H8: =IF(OR($B8="",$G8=""),"",ROUND($B8*$G8,0)) | I8: 크로스트레이닝 공급원 후보
A9: 염모 | D9: =IF(OR($B9="",$C9=""),"",ROUND($B9*$C9,0)) | F9: =IF(OR($B9="",$E9=""),"",ROUND($B9*$E9,0)) | H9: =IF(OR($B9="",$G9=""),"",ROUND($B9*$G9,0)) | I9: 외주화 검토 대상
A10: 멀티 | D10: =IF(OR($B10="",$C10=""),"",ROUND($B10*$C10,0)) | F10: =IF(OR($B10="",$E10=""),"",ROUND($B10*$E10,0)) | H10: =IF(OR($B10="",$G10=""),"",ROUND($B10*$G10,0))
A11: 기타 | D11: =IF(OR($B11="",$C11=""),"",ROUND($B11*$C11,0)) | F11: =IF(OR($B11="",$E11=""),"",ROUND($B11*$E11,0)) | H11: =IF(OR($B11="",$G11=""),"",ROUND($B11*$G11,0))
A12: 소요 OP 합계 | D12: =SUM(D6:D11) | F12: =SUM(F6:F11) | H12: =SUM(H6:H11)
A14: ② 시나리오별 소요 · 보유 · 부족
A15: 시나리오 | B15: 소요 OP(명) | C15: 현 보유 OP(명) | D15: 부족(명) | E15: 비고
A16: A. 현행 (에버리지) | B16: =D12 | C16: ='3.월별인원추이'!$B$6 | D16: =$B16-$C16 | E16: AP 지원팀·포장팀 합의 기준선
A17: B. 물량 +10% | B17: =F12 | C17: ='3.월별인원추이'!$B$6 | D17: =$B17-$C17 | E17: 김상은 요청 — '10% 늘어나면 얼마나 부족한지'
A18: C. 맥스 (튜브 6대·직선 +2대) | B18: =H12 | C18: ='3.월별인원추이'!$B$6 | D18: =$B18-$C18 | E18: 포장팀 전략 방향. 충원 근거로 단독 사용 금지
A20: ③ 부족분 충당 수단 (충원 이전에 소진해야 할 카드)
A21: 충당 수단 | B21: A. 현행 | C21: B. +10% | D21: C. 맥스 | E21: 실행 조건 / 리드타임
A22: 일용직 투입 | E22: 즉시 가능. 단, 단순공정 한정 · 품질 리스크 관리 필요
A23: 크로스트레이닝 (치약 → 튜브 등) | E23: AP 지원팀이 우선 요구하는 수단. 교육 기간 명시 필요
A24: 라인 간 재배치 | E24: 염모·멀티 인원 전환. 해당 라인 가동 축소 전제
A25: 외주화 (염모 등 비주요 오더) | E25: AP 검토 사항. 단가·품질 협의 선행
A26: 휴가 최소화 · 잔업 확대 | E26: 단기 한정. 노무 리스크(장시간 근로) 관리 필요
A27: 촉탁직 · 계약직 전환 가속 | E27: 3개월 요건 및 평가 절차 준수
A28: 충당 소계 | B28: =SUM(B22:B27) | C28: =SUM(C22:C27) | D28: =SUM(D22:D27)
A29: 잔여 = 추가 정규 충원 요청(명) | B29: =MAX(0,$D$16-B28) | C29: =MAX(0,$D$17-C28) | D29: =MAX(0,$D$18-D28) | E29: ← AP에 제시할 유일한 충원 숫자. A(에버리지)를 먼저 말하고 C(맥스)는 별도 전략으로 분리
A31: ④ 충원 인원별 비용 영향 (임률 35,121원/M·H · 월 209 M·H 기준)
A32: 구분 | B32: 인원(명) | C32: 월 소요 공수(M·H) | D32: 월 환산액(원) | E32: 연 환산액(원) | F32: 비고
A33: 임률 (원/M·H) | B33: 35121 | C33: 월 기준공수 (M·H/명) | D33: 209 | E33: AP 대전 BY26 기준. BY27 확정 시 갱신
A34: AP 지원팀 합의안 | B34: 6 | C34: =$B34*$D$33 | D34: =$C34*$B$33 | E34: =$D34*12 | F34: 포장팀과 합의된 에버리지 기준
A35: 제니엘 기존 제시 | B35: 12 | C35: =$B35*$D$33 | D35: =$C35*$B$33 | E35: =$D35*12 | F35: 튜브 +1대 · 직선 +1대 시점 산출값
A36: 본 시뮬 산출 — 에버리지 잔여 | B36: =$B$29 | C36: =$B36*$D$33 | D36: =$C36*$B$33 | E36: =$D36*12 | F36: 충당 수단 소진 후 잔여
A37: 본 시뮬 산출 — 맥스 잔여 | B37: =$D$29 | C37: =$B37*$D$33 | D37: =$C37*$B$33 | E37: =$D37*12 | F37: 맥스 전략 별도 협의용
A39: ※ 월 환산액 = 해당 인원이 유지되려면 지속 확보돼야 하는 청구 공수 규모. 물량이 이에 미달하면 그 차액이 곧 적자다.

Sheet 5.단기대응현황
A1: 단기 대응 현황 — '지금 이렇게 하고 있다'
A2: AP 요구③ : 3개월 육성 외에 즉시 가능한 대응을 인원수까지 명시. 이 표가 없으면 '하는지 안 하는지 모른다'로 남는다.
A4: No | B4: 대응 항목 | C4: 구체 내용 | D4: 적용 인원(명) | E4: 적용 기간 | F4: 확보 공수(M·H/월) | G4: 상태 | H4: 담당 | I4: 비고
A5: 1 | B5: 일용직 충원 확대 | G5: 진행중
A6: 2 | B6: 직원 휴가 최소화 (7~8월 성수기) | G6: 진행중
A7: 3 | B7: 잔업 · 특근 확대 편성
A8: 4 | B8: 크로스트레이닝 (치약 → 튜브)
A9: 5 | B9: 촉탁직 전환 (8월 1명) | G9: 완료
A10: 6 | B10: 라인 간 인력 지원
A11: 7
A12: 8
B13: 합계 | D13: =SUM(D5:D12) | F13: =SUM(F5:F12)
A15: ※ '확보 공수'는 해당 대응으로 추가 확보되는 월 공수. 정규 충원 1명 = 209 M·H와 비교하면 '충원 없이 몇 명분을 메우고 있는지'가 그대로 나온다.
