Workbook

Sheet 00_과제개요
A1: 제니엘 AX 내부 전문가 양성 교육 — Day1 (3) 클로드 에이전틱 파이프라인 자동화
A2: [실습/과제] 기업 부서별·업무 Use Case의 에이전틱 파이프라인 과제 도출 | 교재 v1.3 (2026-08-20) 5장 템플릿 기준
A4: 과제명 | B4: AP 대전공장 도급운영 센터 — 업무 Use Case 9건의 에이전틱 파이프라인 과제 도출
A5: 제출자 / 소속 | B5: 제니엘 본사 관리직 대리 (現 AP 대전공장 센터 배치, 현장 운영 총괄)
A6: 적용 조직 | B6: AP 대전공장 도급운영 센터 (아모레퍼시픽 생산도급·업무도급 / 코스비전 생산도급·업무도급, 4개 계약 약 354명)
A7: 작성일 | B7: 2026-08-20
A8: 버전 | B8: v1.0
A10: 과제 범위 | B10: 교재 5장 'AX 문제발굴 및 워크플로우 템플릿' 12개 항목을 실제 운영 업무 기준으로 전수 작성. 여기에 ① 임팩트×난이도 우선순위 산정 ② 절감공수·비용 환산 ③ 상위 2건의 파이프라인 4단계(트리거-계획-실행-검증) 상세설계 ④ 클로드에 그대로 입력 가능한 요청 프롬프트 원문을 추가했다.
A11: 선정 기준 | B11: 교재 3장 설계원칙 그대로 — 반복성(주기적으로 같은 유형이 발생) · 규칙성(처리 절차를 말로 설명할 수 있음) · 검증 가능성(결과가 맞았는지 확인할 명확한 기준이 있음) 3가지를 동시에 만족하는 업무만 채택. 판단 기준이 매번 달라지는 창의 업무, 사람만 판단할 수 있는 노무·징계 의사결정은 의도적으로 제외.
A12: 제외 사례 (의도적) | B12: ① 노무 징계 판단 — 절차적 공정성·사실관계 판단이 필요, 자동화 부적합 ② 원청 협상 전략 수립 — 매 건 판단 기준이 다름 ③ 인사 평가 — 민감 의사결정. 단, 이들 업무의 '자료 수집' 단계는 별건으로 자동화 가능.
A14: 결론 요약 | B14: 9건 도출 → 1순위 4건(즉시 착수), 2순위 4건, 3순위 1건. 연간 절감 관리공수 약 1,102 M·H, 임률 준용 환산 약 3,870만원/년. Wave 1(UC-03·04)은 보유 Skill 재사용으로 2주 내 적용 가능, Wave 2(UC-01·02)가 실질 임팩트의 핵심.
A15: 정량 해석 주의 | B15: 절감액은 '인건비가 사라지는 금액'이 아니라 '관리공수를 다른 업무로 재배치할 수 있는 가치'다. 관리직 공수를 도급 임률(35,121원/M·H)로 준용한 보수적 추정이며, 임원 보고 시 이 전제를 함께 제시할 것.
A17: 시트 구성 | B17: 01 문제발굴·워크플로우 템플릿(제출 본문) / 02 우선순위·ROI / 03 파이프라인 상세설계 / 04 클로드 요청 프롬프트 / 05 기준값·가정
A18: 입력 셀 안내 | B18: 노란색 배경 셀 = 실제 값으로 갱신할 항목(임률·인원·베이스라인 공수). 그 외 흰색 셀은 서술 항목, 회색 셀은 수식(직접 입력 금지).

Sheet 01_문제발굴_워크플로우템플릿
A1: AX 문제발굴 및 워크플로우 템플릿 — AP 대전공장 도급운영 센터
A2: 교재 5장 항목 정의 그대로 12개 컬럼 작성 · 우선순위는 02 시트 산정 결과와 연동 · 검증(Verify) 단계는 전 건 필수 포함
A4: No | B4: Use Case (업무명) | C4: 조직 (개인/팀/전사) | D4: 문제정의 (As-Is) | E4: 해결문제 (목표) | F4: 성공지표 / 측정방법 | G4: 우선순위 (임팩트×난이도) | H4: 작업순서 워크플로우 | I4: 관련 Tool (Model/Skill/MCP) | J4: 권한범위 · 승인 필요여부 | K4: 산출물 (결과) | L4: 작업주기 | M4: 담당자 (오너) | N4: 상태
A5: UC-01 | B5: 월 마감 정산자료 자동 집계 (고객×계약유형 4축) | C5: 팀 — 센터 관리팀 + 본사 정산 | D5: 매월 초 3영업일간 담당자 2명이 AP 생산도급·업무도급, 코스비전 생산도급·업무도급 4개 계약의 근태·공수·LOSS를 서로 다른 원장에서 수집해 수기 취합한다. 계약당 평균 12H, 월 48H. 계약별 집계 기준(마감 절단일·대체투입 처리)이 달라 본사 반려에 따른 재작업이 월 2~3건 발생한다. | E5: 4개 계약 마감자료 작성공수 48H → 12H(75% 단축), 계약 간 기준 불일치로 인한 재작업 0건. | F5: 베이스라인 — 48H/월, 본사 반려 2.5건/월(최근 3개월 평균). 목표 — 12H/월, 반려 0건. 측정 — 마감 종료 후 담당자 실작업시간 로그 + 본사 반려 건수, 매월 마감일 익일 센터장 확인. | G5: 1순위 (임팩트 상 × 난이도 중) | H5: ① 원장 파일 업로드 + /월마감 명령어 트리거 [사람] ② 계약 4축 분리 파싱·정규화 [수집 서브에이전트] ③ 공수·LOSS·인원 집계표 생성 [xlsx Skill] ④ 전월 대비 증감·합계 정합성 검증 [검증 서브에이전트] ⑤ 이상 발견 시 보고 후 정지 / 정상 시 신규 파일 저장 [자동] | I5: Claude Sonnet(집계·정합성) + xlsx Skill + /월마감 커스텀 명령어 + 검증 서브에이전트(Haiku, 단순 대조) | J5: 읽기 전용 + 신규 파일 생성만. 원본 원장 수정·삭제 금지. 개인 근태(개인정보) 포함 → 사내 처리 한정, 외부 전송 금지. 본사 제출 전 센터장 승인 필수. | K5: 계약별 마감 집계 .xlsx (신규 파일, 파일명 규칙: YYYYMM_고객_계약유형_마감_v1) + 전월 대비 증감 요약 | L5: 매월 (마감 스케줄) | M5: 센터장(오너) / 관리팀 대리(운영) | N5: 아이디어
A6: UC-02 | B6: MES LOSS 귀책 자동 분류 + 월간 LOSS 리포트 | C6: 팀 — 센터 관리팀 (원청 협상 근거로 확장) | D6: MES LOSS 원시데이터(월 2~3천 행)를 사유 텍스트 기준으로 원청/도급/공통 3분류로 수작업 판정한다. 월 16H 소요. 분류자에 따라 공통 LOSS 판정이 흔들려, 원청 협상 테이블에서 '기준 일관성' 지적을 받은 사례가 있다. | E6: 귀책 분류 공수 16H → 3H, 동일 사유코드에 대한 분류 일관성 100%(같은 사유 = 항상 같은 귀책). | F6: 베이스라인 — 16H/월, 사유코드 기준 분류 불일치 최근 3개월 11건. 목표 — 3H/월, 불일치 0건. 측정 — 월말 표본 50행 역검증 + 보류건 판정 소요일수, 센터장 검토. | G6: 1순위 (임팩트 상 × 난이도 중) | H6: ① MES 추출파일 업로드 + /loss분석 트리거 [사람] ② 사유코드 정규화·중복 제거 [Haiku] ③ 귀책 분류 룰 적용, 룰 미매칭은 '보류'로 격리 [분류 서브에이전트] ④ LOSS 공수×임률 비용 환산 + 효율GAP 환산 병기 [xlsx Skill] ⑤ 보류건 목록을 사람 판정으로 회부 [정지 지점] ⑥ 판정 반영 후 월간 리포트 신규 저장 [자동] | I6: Claude Sonnet + LOSS 귀책분류 Skill(카테고리 정의서 내장) + xlsx Skill + /loss분석 명령어 | J6: 읽기 + 신규 파일. 분류 룰 자동 변경 금지 — 룰 수정은 사람만. 원청 제출본은 센터장 승인 후에만 생성. 분류 로직·정의서는 내부 자산 → 외부 전송 금지(결과 수치만 공유). | K6: 월간 LOSS 리포트 .xlsx (귀책별 공수·비용, 효율GAP 병기) + 보류건 판정 요청 목록 | L6: 매월 | M6: 센터장(오너) / MES 담당(운영) | N6: 검증중 — 분류 룰 초안 보유
A7: UC-03 | B7: 일일·주간 생산계획 지연오더 추출 / 월별 취합 | C7: 팀 — 생산관리 | D7: 라인별 일일·주간 생산계획표에서 '지연오더·지연품목'으로 표기된 건을 매주 수작업으로 뽑아 취합한다. 주 2H. 계획표 양식이 주차·라인마다 미세하게 달라 추출 누락이 최근 3개월 6건 발생했다. | E7: 지연오더 추출 공수 주 2H → 10분, 지연 표기 건 추출 누락 0건. | F7: 베이스라인 — 8H/월, 누락 6건/3개월. 목표 — 1.5H/월, 누락 0건. 측정 — 원본 계획표의 지연 표기 건수 대비 추출 건수 100% 일치 여부, 매주 금요일 자동 대조. | G7: 1순위 (임팩트 중 × 난이도 하 — 전용 Skill 보유, 즉시 적용 가능) | H7: ① 계획표(xlsx/zip) 업로드 + 명령어 트리거 [사람] ② 지연 표기 행 전수 추출 [delay-order-extractor Skill] ③ 오더별 요약·전체이력·월별취합 생성 [Skill] ④ 원본 지연 건수 vs 추출 건수 대조 검증 [자동, 불일치 시 정지] ⑤ 통합 엑셀 신규 저장 [자동] | I7: delay-order-extractor Skill(기보유) + Claude Haiku(단순 반복 처리로 비용 최적화) | J7: 읽기 전용 + 신규 파일. 계획 원본 수정 금지. 원청 생산계획 = 고객 자료 → 외부 공유 금지. 승인 불필요(내부 참고용), 월별 취합본만 센터장 확인. | K7: 지연오더 통합 .xlsx (오더별 요약 / 전체이력 / 월별취합 / 대시보드 4시트) | L7: 매주 + 월말 취합 | M7: 생산관리 담당(운영) / 센터장(오너) | N7: 운영중
A8: UC-04 | B8: 현장 점검 지적사항 → OPL 교육자료 자동 생성 | C8: 팀 — 안전·품질 | D8: 원청 점검 통지문을 받으면 담당자가 사진·기준을 재편집해 원포인트레슨을 수작업 제작한다. 건당 2H, 월 3~5건. 제작 지연으로 현장 전파가 3~5일 늦어지고, 그 사이 동일 항목이 재적발된 사례가 분기 3건 있었다. | E8: OPL 제작시간 건당 2H → 15분, 통지 접수 후 24시간 내 현장 전파 100%. | F8: 베이스라인 — 건당 2H, 전파 리드타임 평균 4일, 동일항목 재적발 3건/분기. 목표 — 건당 15분, 리드타임 1일, 재적발 1건/분기 이하. 측정 — 통지문 접수일 vs 서명부 교육일자 대조, 분기 단위 집계. | G8: 1순위 (임팩트 중 × 난이도 하 — 전용 Skill 보유) | H8: ① 통지문 이미지 업로드 + 명령어 트리거 [사람] ② 지적사항·요구기준 추출 [Sonnet, 이미지 판독] ③ 적발(NG)/준수기준(OK) 비교 카드 생성 [opl-generator Skill] ④ 교육 이수 서명부 페이지 결합 [Skill] ⑤ 생성 문구가 통지문 원문 기준과 일치하는지 대조 검증 [정지 지점] ⑥ .pptx 신규 저장 → 조·반장 통해 교육 실시 [사람] | I8: Claude Sonnet(이미지 판독·문구 생성) + opl-generator Skill(기보유) + pptx Skill | J8: 읽기 + 신규 파일. 원청 통지문 원본은 사내 한정, 외부 전송 금지. 개인 귀책 표현 금지 — 공정·항목 단위로만 기재(노무 리스크). 교육 실시 전 안전·품질 담당 확인 필수. | K8: OPL .pptx 2매 (NG/OK 비교카드 + 교육 이수 서명부) | L8: 트리거 기반 (수시) | M8: 안전·품질 담당(운영) / 센터장(오너) | N8: 운영중
A9: UC-05 | B9: 일일 근태·결원 집계 → 인력 운영 리포트 (결원 비용영향 포함) | C9: 팀 — 센터 관리팀 | D9: 4개 계약 약 354명의 일일 출결·대체투입을 조·반장 개별 보고(카톡·구두)로 받아 매일 40분간 수기 정리한다. 결원이 당일 공수·효율에 미친 영향은 월말 마감 때가 되어서야 확인된다. | E9: 일일 집계 40분 → 5분, 결원의 공수·비용 영향 산출 시점을 월말 → 익일로 단축. | F9: 베이스라인 — 40분/일(약 14H/월), 결원 비용영향 리포팅 시점 월말(D+30). 목표 — 5분/일(1.8H/월), D+1. 측정 — 일일 리포트 발행률과 발행 시각 로그, 월 1회 점검. | G9: 2순위 (임팩트 중 × 난이도 중 — 조·반장 입력 채널 표준화가 선행 조건) | H9: ① 조·반장 표준 양식 출결 입력 [사람] ② 매일 08:30 스케줄 트리거 [자동] ③ 계약별 재적/출근/결원/대체투입 집계 [Haiku] ④ 결원 공수 × 임률로 당일 비용영향 산출 [xlsx/HTML Skill] ⑤ 전일 대비 결원율 급증 시 경고 발신 [검증] ⑥ 일일 리포트 저장 + 센터장 요약 보고 [자동] | I9: Claude Haiku(정형 집계, 비용 최적화) + xlsx·HTML Skill + 스케줄 작업(매일) | J9: 개인 근태 = 개인정보. 이름 대신 사번·직위 단위로만 집계, 개인 식별 리포트 생성 금지. 원청 공유본은 인원수 집계만(개인정보 제외). 읽기 + 신규 파일, 인사 원장 수정 금지. | K9: 일일 인력 운영 리포트 (HTML 대시보드) + 월 누계 .xlsx | L9: 매일 (스케줄) | M9: 관리팀 대리(운영) / 센터장(오너) | N9: 아이디어
A10: UC-06 | B10: 입고확인 파렛 데이터 분석 자동화 | C10: 팀 — 업무도급 운영 | D10: 입고확인 파렛 실적을 월 1회 수기 분석한다(월 6H). 물량 변동 대비 투입 공수의 적정성 판단이 사후에만 가능해, 물량이 튄 달의 초과 투입 근거를 원청에 제시하지 못한 사례가 있다. | E10: 분석 공수 6H → 1H, 파렛당 표준공수 대비 실투입 편차를 매월 자동 산출. | F10: 베이스라인 — 6H/월, 편차 분석 미실시(0회). 목표 — 1H/월, 월 1회 편차 리포트 100% 발행. 측정 — 리포트 발행 여부 + 편차 ±10% 초과 구간 원인 태깅률, 매월 확인. | G10: 2순위 (임팩트 중 × 난이도 하) | H10: ① 입고 데이터 업로드 + 명령어 트리거 [사람] ② 일자·품목별 파렛수 집계 [Haiku] ③ 표준공수 대비 실투입 공수 편차 산출 [xlsx Skill] ④ 편차 ±10% 초과 구간 추출 → 원인 태깅 요청 [정지 지점] ⑤ 분석 리포트 신규 저장 [자동] | I10: Claude Sonnet(편차 해석) + xlsx Skill | J10: 읽기 + 신규 파일. 원청 물량 데이터 → 외부 공유 금지. 원청 제시용 자료는 센터장 승인 후 사용. | K10: 입고 파렛 분석 .xlsx + 편차 상위 구간 요약 | L10: 매월 | M10: 업무도급 담당(운영) / 센터장(오너) | N10: 아이디어
A11: UC-07 | B11: 월간 운영보고 PPT 초안 자동 생성 (본사·임원 보고) | C11: 전사 — 센터 → 본사·임원 협의체 | D11: 매월 본사 보고자료를 마감자료·LOSS 리포트·인력 현황에서 수기로 옮겨 작성한다(월 8H). 원본 3종의 수치를 손으로 옮기다 보니 자료 간 불일치가 발생해 보고 직전 수정이 월 2건 반복된다. | E11: 보고 초안 작성 8H → 1.5H, 자료 간 수치 불일치 0건. | F11: 베이스라인 — 8H/월, 수치 불일치 지적 2건/월. 목표 — 1.5H/월, 0건. 측정 — 보고 후 본사 수정요청 건수, 매월 보고 종료 시점 집계. | G11: 2순위 (임팩트 상 × 난이도 중 — UC-01·02 산출물이 선행 입력이라 후행 착수) | H11: ① UC-01·02·05 산출물 3종 입력 + /월간보고 트리거 [사람] ② 표준 목차(KPI–LOSS–인력–이슈–차월계획)로 초안 생성 [Opus] ③ 초안 수치와 원본 3종 1:1 대조 검증 [검증 서브에이전트] ④ 불일치 1건이라도 발견 시 보고 후 정지 [정지 지점] ⑤ .pptx 신규 저장 → 센터장 검토·확정 [사람] | I11: Claude Opus(구성·논리 판단) + pptx Skill + /월간보고 명령어 + 검증 서브에이전트 | J11: 읽기 + 신규 파일(기존 보고서 덮어쓰기 금지). 임원 보고본 확정·발송은 반드시 센터장 승인 후 사람이 직접 수행 — 자동 발송 금지. | K11: 월간 운영보고 .pptx 초안 + 원본 대비 수치 대조표 | L11: 매월 | M11: 센터장(오너·검토) | N11: 아이디어
A12: UC-08 | B12: 안전 순회점검 → 시정조치 요청 + 주간 안전보고 | C12: 팀 — 안전 | D12: 순회점검 지적사항이 개인 수첩·카톡에 흩어져 있어 조치 완료 여부가 추적되지 않는다. 미조치로 남은 항목이 원청 점검에서 재적발된 건이 분기 3건 있었다. 주간 안전보고 취합에 월 4H. | E12: 지적–조치–확인 이력 100% 추적, 미조치 7일 초과 0건. | F12: 베이스라인 — 조치 추적률 산출 불가(기록 산재), 원청 재적발 3건/분기. 목표 — 추적률 100%, 재적발 0건. 측정 — 트래킹 시트의 지적 대비 조치완료 비율, 매주 금요일 확인. | G12: 2순위 (임팩트 상(안전 리스크) × 난이도 중) | H12: ① 점검 사진·메모 입력 [사람, 수시] ② 항목·위험등급·담당 분류 [Sonnet] ③ 시정조치 요청서 생성 [docx Skill] ④ 매주 금요일 스케줄로 미조치 건 자동 재알림 [스케줄] ⑤ 주간 안전보고 요약 생성 [자동] ⑥ 외부 전송 시도 차단 Hook [강제 검증] | I12: Claude Sonnet + docx Skill + 스케줄 작업(주간) + Hook(외부 전송 차단) | J12: 읽기·신규 생성. 개인 귀책 표현 금지 — 항목·공정 단위 기재(노무 리스크). 원청 공유본은 센터장 승인 후에만. 사진에 개인 식별정보 포함 시 마스킹 후 저장. | K12: 시정조치 요청서 .docx + 주간 안전 트래킹 시트 .xlsx | L12: 수시 + 매주(금) | M12: 안전 담당(운영) / 센터장(오너) | N12: 아이디어
A13: UC-09 | B13: 단가 협상 근거자료 자동 산출 (연 1회) | C13: 전사 — 센터 + 본사 협상 라인 | D13: 단가 협상 시 12개월치 LOSS·효율·인원 데이터를 다시 수집·재가공한다. 회차당 40H. 근거 산출 로직이 담당자 개인의 판단에 남아 있어, 담당자가 바뀌면 동일 결과를 재현하기 어렵다. | E13: 근거자료 작성 40H → 8H, 산출 로직 문서화로 동일 입력 시 결과 재현성 100%. | F13: 베이스라인 — 40H/회, 재현성 검증 불가. 목표 — 8H/회, 동일 입력 재실행 시 결과 일치. 측정 — 협상 종료 후 동일 입력 재실행 결과 대조, 회차당 1회. | G13: 3순위 (임팩트 상 × 난이도 상 — 12개월 데이터 정합성 확보 필요, UC-02 운영 안정화 후 착수) | H13: ① 12개월 LOSS·마감 데이터 입력 + /협상근거 트리거 [사람] ② 귀책별 LOSS 공수·비용 집계 [LOSS 분류 Skill 재사용] ③ 효율 GAP 환산 별도 산출 [xlsx Skill] ④ 두 축(LOSS 비용 vs 효율GAP)의 차이 설명 문구 생성 [Opus] ⑤ 산출 로직·가정 명시된 근거 시트 저장 [자동] ⑥ 협상 제출 전 센터장 전수 검토 [필수 정지 지점] | I13: Claude Opus(논리·설명) + xlsx Skill + LOSS 귀책분류 Skill 재사용 | J13: 읽기 + 신규 파일. 협상 산출 로직·카테고리 정의서는 통제 대상 내부 자산 — 외부 전송·클라이언트 공유 금지, 결과 수치만 제시. 최종본 센터장 검토 없이 사용 금지. | K13: 협상 근거 .xlsx (귀책별 LOSS 비용 / 효율GAP 환산 / 가정·산출로직 명시) | L13: 연 1회 (협상 시즌) + 분기 중간 점검 | M13: 센터장(오너) | N13: 아이디어

Sheet 02_우선순위_ROI
A1: 우선순위 산정 (임팩트 × 난이도) 및 절감공수·비용 환산
A2: 점수 = 임팩트 × (6 − 난이도). 임팩트 높고 난이도 낮은 것부터 착수 — 교재 5장 우선순위 기준
A4: No | B4: Use Case | C4: 임팩트 (1~5) | D4: 난이도 (1~5) | E4: 우선순위 점수 | F4: 등급 | G4: 착수 Wave | H4: 베이스라인 (H/회) | I4: 목표 (H/회) | J4: 연간 실행횟수 | K4: 연간 절감공수 (M·H) | L4: 연간 환산금액 (원)
A5: UC-01 | B5: 월 마감 정산자료 자동 집계 | C5: 5 | D5: 3 | E5: =C5*(6-D5) -> 15 | F5: =IF(E5>=15,"1순위",IF(E5>=10,"2순위","3순위")) -> 1순위 | G5: Wave 2 | H5: 48 | I5: 12 | J5: 12 | K5: =(H5-I5)*J5 -> 432 | L5: =K5*05_기준값_가정!$B$5 -> 15172272
A6: UC-02 | B6: MES LOSS 귀책 분류 + 월간 리포트 | C6: 5 | D6: 3 | E6: =C6*(6-D6) -> 15 | F6: =IF(E6>=15,"1순위",IF(E6>=10,"2순위","3순위")) -> 1순위 | G6: Wave 2 | H6: 16 | I6: 3 | J6: 12 | K6: =(H6-I6)*J6 -> 156 | L6: =K6*05_기준값_가정!$B$5 -> 5478876
A7: UC-03 | B7: 지연오더 추출 / 월별 취합 | C7: 3 | D7: 1 | E7: =C7*(6-D7) -> 15 | F7: =IF(E7>=15,"1순위",IF(E7>=10,"2순위","3순위")) -> 1순위 | G7: Wave 1 | H7: 8 | I7: 1.5 | J7: 12 | K7: =(H7-I7)*J7 -> 78 | L7: =K7*05_기준값_가정!$B$5 -> 2739438
A8: UC-04 | B8: 점검 지적 → OPL 교육자료 생성 | C8: 3 | D8: 1 | E8: =C8*(6-D8) -> 15 | F8: =IF(E8>=15,"1순위",IF(E8>=10,"2순위","3순위")) -> 1순위 | G8: Wave 1 | H8: 2 | I8: 0.25 | J8: 48 | K8: =(H8-I8)*J8 -> 84 | L8: =K8*05_기준값_가정!$B$5 -> 2950164
A9: UC-05 | B9: 일일 근태·결원 집계 리포트 | C9: 4 | D9: 3 | E9: =C9*(6-D9) -> 12 | F9: =IF(E9>=15,"1순위",IF(E9>=10,"2순위","3순위")) -> 2순위 | G9: Wave 3 | H9: 14 | I9: 1.8 | J9: 12 | K9: =(H9-I9)*J9 -> 146.4 | L9: =K9*05_기준값_가정!$B$5 -> 5141714.4
A10: UC-06 | B10: 입고확인 파렛 분석 | C10: 3 | D10: 2 | E10: =C10*(6-D10) -> 12 | F10: =IF(E10>=15,"1순위",IF(E10>=10,"2순위","3순위")) -> 2순위 | G10: Wave 3 | H10: 6 | I10: 1 | J10: 12 | K10: =(H10-I10)*J10 -> 60 | L10: =K10*05_기준값_가정!$B$5 -> 2107260
A11: UC-07 | B11: 월간 운영보고 PPT 초안 | C11: 4 | D11: 3 | E11: =C11*(6-D11) -> 12 | F11: =IF(E11>=15,"1순위",IF(E11>=10,"2순위","3순위")) -> 2순위 | G11: Wave 3 | H11: 8 | I11: 1.5 | J11: 12 | K11: =(H11-I11)*J11 -> 78 | L11: =K11*05_기준값_가정!$B$5 -> 2739438
A12: UC-08 | B12: 안전 순회점검 → 시정조치·주간보고 | C12: 4 | D12: 3 | E12: =C12*(6-D12) -> 12 | F12: =IF(E12>=15,"1순위",IF(E12>=10,"2순위","3순위")) -> 2순위 | G12: Wave 3 | H12: 4 | I12: 1 | J12: 12 | K12: =(H12-I12)*J12 -> 36 | L12: =K12*05_기준값_가정!$B$5 -> 1264356
A13: UC-09 | B13: 단가 협상 근거자료 산출 | C13: 5 | D13: 5 | E13: =C13*(6-D13) -> 5 | F13: =IF(E13>=15,"1순위",IF(E13>=10,"2순위","3순위")) -> 3순위 | G13: Wave 4 | H13: 40 | I13: 8 | J13: 1 | K13: =(H13-I13)*J13 -> 32 | L13: =K13*05_기준값_가정!$B$5 -> 1123872
B14: 합계 | K14: =SUM(K5:K13) -> 1102.4 | L14: =SUM(L5:L13) -> 38717390
A16: ■ 점수 산정식 — 우선순위 점수 = 임팩트 × (6 − 난이도). 임팩트가 크고 난이도가 낮을수록 높은 점수. 15점 이상 1순위 / 10~14점 2순위 / 9점 이하 3순위.
A17: ■ 착수 Wave — Wave 1: 보유 Skill 재사용으로 2주 내 적용(UC-03·04). Wave 2: 실질 임팩트 핵심, 1~2개월(UC-01·02). Wave 3: 입력 채널·선행 산출물 필요(UC-05·06·07·08). Wave 4: 선행 과제 안정화 후(UC-09).
A18: ■ 금액 환산 — 절감공수 × 임률(05 시트 B5). 관리직 공수를 도급 임률로 준용한 보수적 추정치다.
A19: ■ 해석 주의 — 이 금액은 인건비가 즉시 절감되는 금액이 아니라, 확보한 관리공수를 LOSS 분석·현장 관리·협상 준비로 재배치할 수 있는 가치다. 임원 보고 시 이 전제를 반드시 함께 제시할 것.
A20: ■ 베이스라인 — 최근 3개월 담당자 실측·추정 기준. 정식 착수 전 1주간 실측으로 재확정 필요(노란색 셀 갱신).

Sheet 03_파이프라인_상세설계
A1: 상위 과제 파이프라인 4단계 상세설계 (트리거 – 계획 – 실행 – 검증)
A2: 교재 1장 '파이프라인의 4단계 구조' + 3장 '안전장치는 사람이 요구한다' 적용 · Wave 2 착수 대상 2건
A4: ① UC-01 월 마감 정산자료 자동 집계 파이프라인
A5: 단계 | B5: 무엇을 하는가 | C5: 수행 주체 | D5: 사용 도구 | E5: 산출·전달물 | F5: 정지(Stop) 조건
A6: 트리거 | B6: 월 마감일에 담당자가 4개 계약 원장 파일을 업로드하고 `/월마감 202608` 실행. 스케줄이 아니라 사람 트리거로 둔 이유 — 원장 확정 시점이 매월 유동적이기 때문. | C6: 사람 | D6: 커스텀 명령어 /월마감 (인자: 대상 월) | E6: 실행 로그, 입력 파일 목록 확인 메시지 | F6: 입력 파일이 4개 계약 중 하나라도 누락 시 즉시 정지
A7: 계획 | B7: 대상 월·계약 4축을 확인하고 처리 순서를 제시한 뒤 사람 승인을 받는다. 원장 양식이 전월과 다르면 먼저 질문한다. | C7: Claude Sonnet | D7: Plan 모드 | E7: 처리 계획 요약 (대상 계약·집계 항목·산출 파일명) | F7: 전월 대비 원장 컬럼 구조가 바뀐 경우 → 질문 후 대기
A8: 실행 ① | B8: 계약 4축 분리 파싱 — AP 생산도급 / AP 업무도급 / 코스비전 생산도급 / 코스비전 업무도급. 합산 금지, 출처 컬럼 유지. | C8: 수집 서브에이전트 | D8: Claude Haiku (정형 파싱) | E8: 계약별 정규화 데이터셋 | F8: 계약 식별 불가 행 발생 시 해당 행 격리 후 보고
A9: 실행 ② | B9: 계약별 근태·공수·LOSS·인원 집계표 생성. 코스비전 세탁실은 별도 정산 항목으로 분리. | C9: xlsx Skill | D9: Claude Sonnet + xlsx Skill | E9: 마감 집계 .xlsx 초안 | F9: —
A10: 검증 | B10: ① 계약별 인원 합계 = 재적 인원 대조 ② 전월 대비 공수 증감 ±15% 초과 항목 플래그 ③ LOSS 공수 합계 = MES 원본 합계 일치 확인. | C10: 검증 서브에이전트 | D10: Claude Haiku (수치 대조 전용) | E10: 검증 결과표 (통과/플래그 항목) | F10: 플래그 1건이라도 발생 시 저장 중단, 사람에게 보고
A11: 산출 | B11: 신규 파일로만 저장 (YYYYMM_고객_계약유형_마감_v1.xlsx). 기존 파일 덮어쓰기 금지. 본사 제출은 센터장 승인 후 사람이 직접. | C11: 자동 저장 + 사람 승인 | D11: 파일 저장 / 외부 전송 차단 Hook | E11: 마감 집계 .xlsx + 전월 대비 증감 요약 | F11: 외부 전송 시도 시 Hook이 무조건 차단
A14: ② UC-02 MES LOSS 귀책 분류 + 월간 리포트 파이프라인
A15: 단계 | B15: 무엇을 하는가 | C15: 수행 주체 | D15: 사용 도구 | E15: 산출·전달물 | F15: 정지(Stop) 조건
A16: 트리거 | B16: MES에서 월간 LOSS 원시데이터를 추출해 업로드하고 `/loss분석 202608` 실행. | C16: 사람 | D16: 커스텀 명령어 /loss분석 | E16: 실행 로그, 대상 행 수 확인 | F16: 행 수가 전월 대비 ±50% 이상 차이 → 추출 오류 의심, 확인 요청
A17: 계획 | B17: 사유코드 분포를 먼저 요약해 보여주고, 신규 사유코드가 있으면 분류 룰 적용 전에 질문한다. | C17: Claude Sonnet | D17: Plan 모드 | E17: 사유코드 분포표 + 신규 코드 목록 | F17: 정의서에 없는 신규 사유코드 발견 시 → 질문 후 대기
A18: 실행 ① | B18: 사유 텍스트 정규화(표기 흔들림 통일) 후 귀책 분류 룰 적용 — 원청 / 도급 / 공통. 룰에 매칭되지 않는 건은 '보류'로 격리하며, 추측 분류 금지. | C18: 분류 서브에이전트 | D18: LOSS 귀책분류 Skill (카테고리 정의서 내장) | E18: 귀책 분류 데이터셋 + 보류건 목록 | F18: 보류 비율이 전체의 10% 초과 시 정지 — 룰 자체를 재검토해야 하는 신호
A19: 실행 ② | B19: 두 축 병행 산출 — ⓐ LOSS 비용 = 비조업 공수 × 임률(정산·협상 근거) ⓑ 효율 GAP 환산 = 월 공수 ×(목표효율−실효율)/100 × 임률(KPI 미달 비용, 추정치). 두 값이 다른 것이 정상이며 합산하지 않는다. | C19: xlsx Skill | D19: Claude Sonnet + xlsx Skill | E19: 귀책별 LOSS 비용표 + 효율GAP 환산표 | F19: 두 축을 합산하려는 산식이 만들어지면 정지
A20: 검증 | B20: ① 귀책 합계 공수 = 원본 LOSS 총 공수 일치 ② 표본 50행 역검증(같은 사유코드가 다른 귀책으로 분류된 건 0) ③ 공통 LOSS를 50:50으로 임의 배분한 흔적 없는지 확인. | C20: 검증 서브에이전트 | D20: Claude Haiku | E20: 검증 결과표 + 표본 대조 로그 | F20: 동일 사유코드 이중 분류 1건이라도 발견 시 정지
A21: 산출 | B21: 월간 LOSS 리포트 신규 저장. 보류건은 사람 판정 회부. 원청 제출본은 센터장 승인 후에만 별도 생성하며, 분류 로직·정의서는 산출물에 포함하지 않는다. | C21: 자동 + 사람 판정 | D21: xlsx Skill / 외부 전송 차단 Hook | E21: 월간 LOSS 리포트 .xlsx + 보류건 판정 요청 목록 | F21: 정의서 내용이 외부 제출본에 포함되면 차단
A24: ■ 안전장치 3종 (교재 3장 (2) 적용) — ① 검증 단계 명시: 두 파이프라인 모두 저장 직전 검증 단계를 두고, 플래그 1건이라도 발생하면 저장을 중단한다. ② 권한 범위 제한: 읽기 + 신규 파일 생성만 허용, 원본 수정·삭제·외부 전송은 자동 실행 대상에서 제외. ③ 되돌리기 경로: 산출물은 항상 신규 파일·신규 버전으로만 저장한다.
A25: ■ Hook을 쓰는 이유 — CLAUDE.md 지침은 AI가 '읽고 따르는' 규칙이라 상황에 따라 놓칠 수 있다. 개인정보 포함 파일의 외부 전송 차단처럼 '반드시'가 필요한 항목은 지침이 아니라 Hook으로 건다.
A26: ■ 서브에이전트 분리 기준 — 수집(파싱)·분류(판정)·검증(대조)은 필요한 관점과 도구가 뚜렷이 다르므로 분리했다. 검증은 판단이 아닌 대조 작업이므로 Haiku로 두어 비용을 낮춘다.
A27: ■ 반복 한계 — 같은 문제가 3회 이상 반복되면 결과를 고치지 말고 구조(분리/통합)부터 재검토한다. UC-02의 '보류 10% 초과 정지'가 그 신호 역할을 한다.

Sheet 04_클로드_요청프롬프트
A1: 클로드 파이프라인 생성 요청 프롬프트 (그대로 복사해 사용)
A2: 교재 4장 (1) 4요소 구조 — ① 목적 ② 트리거·반복주기 ③ 단계 ④ 판단 기준 + '빠진 정보는 먼저 물어봐줘'
A4: 구분 | B4: 프롬프트 원문 (복사해서 그대로 입력)
A5: STEP 0 — 구조 위임 (처음 만들 때 권장) | B5: 이 업무를 서브에이전트·Skill·커스텀 명령어 중 어떻게 나누는 게 좋을지 먼저 제안해줘. 바로 만들지 말고 구조 제안부터. [업무] AP 대전공장 도급운영 센터의 월 마감 정산자료 작성. 아모레퍼시픽 생산도급·업무도급, 코스비전 생산도급·업무도급 4개 계약의 근태·공수·LOSS를 각각 다른 원장에서 모아 계약별로 집계한다. 매월 1회, 현재 2명이 48시간 쓴다. 제안에는 각 구성요소가 무엇을 담당하는지, 왜 나눴는지를 한 줄씩 붙여줘. 빠진 정보가 있으면 만들기 전에 먼저 물어봐줘.
A6: UC-01 — 월 마감 정산자료 파이프라인 생성 | B6: 월 마감 정산자료 작성을 자동화하는 파이프라인을 만들어줘. [목적] 4개 계약의 마감 집계를 매월 같은 기준으로 작성해, 작성공수를 48시간에서 12시간으로 줄이고 본사 반려를 0건으로 만든다. [트리거] 내가 원장 파일들을 올리고 `/월마감 [대상월]`을 입력하면 시작. 스케줄 자동 실행은 하지 마. [단계] 1. 아모레퍼시픽 생산도급 / 아모레퍼시픽 업무도급 / 코스비전 생산도급 / 코스비전 업무도급 4축으로 분리해서 파싱해. 절대 합산하지 말고, 출처를 컬럼으로 남겨줘. 2. 계약별로 근태·공수·LOSS·인원을 집계한 표를 만들어. 코스비전 세탁실은 별도 정산 항목으로 분리해줘. 3. 검증: 계약별 인원 합계가 재적 인원과 맞는지, 전월 대비 공수 증감이 ±15%를 넘는 항목이 있는지, LOSS 공수 합계가 MES 원본과 일치하는지 확인해. 4. 검증에서 하나라도 걸리면 저장하지 말고 나에게 먼저 보고해. 5. 통과하면 `[대상월]_[고객]_[계약유형]_마감_v1.xlsx`로 새 파일 저장. 기존 파일은 절대 덮어쓰지 마. [판단 기준] 4개 계약 모두 집계됐고, 검증 3개 항목이 모두 통과했고, 신규 파일로 저장됐으면 성공. [제약] 읽기와 새 파일 생성만 해. 원본 원장 수정·삭제 금지. 근태 데이터는 개인정보라 외부 전송 금지. 원장 양식이 전월과 다르거나 빠진 정보가 있으면 만들기 전에 먼저 물어봐줘.
A7: UC-02 — MES LOSS 귀책 분류 파이프라인 생성 | B7: MES LOSS 데이터의 귀책 분류와 월간 리포트를 자동화하는 파이프라인을 만들어줘. [목적] LOSS 사유를 원청/도급/공통으로 매번 같은 기준으로 분류해, 분류공수를 16시간에서 3시간으로 줄이고 같은 사유코드가 다르게 분류되는 일을 없앤다. [트리거] MES 추출파일을 올리고 `/loss분석 [대상월]` 입력. [단계] 1. 사유코드 분포를 먼저 요약해서 보여줘. 정의서에 없는 신규 사유코드가 있으면 분류하지 말고 나에게 물어봐. 2. 사유 텍스트를 정규화한 뒤 귀책 분류 룰을 적용해. 룰에 매칭되지 않는 건은 추측하지 말고 '보류'로 따로 빼줘. 3. 두 가지를 각각 산출해. 합치지 마. - LOSS 비용 = 비조업 공수 × 임률 - 효율 GAP 환산 = 월 공수 × (목표효율 − 실효율)/100 × 임률 공통 LOSS를 50:50으로 임의 배분하지 말고, 발생 사유별로 귀책을 판정해. 4. 검증: 귀책별 합계 공수가 원본 총 공수와 일치하는지, 같은 사유코드가 서로 다른 귀책으로 분류된 건이 있는지 표본 50행으로 역검증해. 5. 보류 비율이 10%를 넘거나 이중 분류가 하나라도 나오면 저장하지 말고 멈춰서 보고해. 6. 통과하면 월간 LOSS 리포트를 새 파일로 저장하고, 보류건은 내가 판정할 목록으로 따로 만들어줘. [판단 기준] 보류 10% 이하, 이중 분류 0건, 두 축이 각각 산출됐으면 성공. [제약] 분류 룰은 네가 임의로 바꾸지 마 — 룰 수정은 내가 한다. 원청 제출본은 내 승인 전에 만들지 말고, 분류 로직과 카테고리 정의서 내용은 어떤 산출물에도 포함하지 마. 빠진 정보가 있으면 먼저 물어봐줘.
A8: STEP 4 — 생성 결과 검증 (교재 4장 (3)) | B8: 방금 만든 서브에이전트·Skill·명령어 파일이 각각 무엇을 하는지, 어떤 도구를 쓸 수 있는지 표로 정리해줘. 파일 삭제나 외부 전송처럼 되돌리기 어려운 동작이 포함돼 있으면 따로 표시해줘.
A9: STEP 5 — 실행 후 수정 요청 (교재 4장 (4)) | B9: (예시) 4단계 검증에서 LOSS 공수 합계 대조를 빠뜨렸어. 그 부분만 고쳐줘 — 전체를 다시 만들지는 마. ※ 같은 문제가 3회 이상 반복되면 결과를 고치지 말고 구조를 다시 나누거나 합칠 것.

Sheet 05_기준값_가정
A1: 기준값 · 가정 · 출처
A2: 노란색 셀은 실제 값으로 갱신할 입력 항목이다. 02 시트의 금액 환산은 B5(임률)를 참조한다.
A4: 항목 | B4: 값 | C4: 단위 | D4: 출처 · 비고
A5: 임률 (AP 대전 BY26) | B5: 35121 | C5: 원 / M·H | D5: 사용자 제공 운영 기준값. BY27 갱신 시 이 셀만 수정하면 02 시트 금액이 재계산된다.
A6: 운영 인원 — AP 생산도급 | B6: 153 | C6: 명 | D6: 사용자 제공. 결원·증원 시 갱신되는 변동값.
A7: 운영 인원 — AP 업무도급 | B7: 91 | C7: 명 | D7: 사용자 제공.
A8: 운영 인원 — 코스비전 생산도급 | B8: 55 | C8: 명 | D8: 사용자 제공.
A9: 운영 인원 — 코스비전 업무도급 | B9: 55 | C9: 명 | D9: 사용자 제공.
A10: 운영 인원 합계 | B10: =SUM(B6:B9) -> 354 | C10: 명 | D10: B6:B9 합계 수식. 4개 계약 합산 인원.
A11: BY26 단가 인상 — 생산도급 | B11: 0.0412 | C11: % | D11: AP 기준 실적. 코스비전에 그대로 적용하지 말 것.
A12: BY26 단가 인상 — 업무도급 | B12: 0.0482 | C12: % | D12: AP 기준 실적.
A13: BY26 AP 귀책 LOSS 비율 | B13: 0.52 | C13: % | D13: MES 8개월 귀속 분석 결과. UC-02 파이프라인이 이 산출을 자동화 대상으로 삼는다.
A15: ■ 가정 1 — 절감공수는 최근 3개월 담당자 실측·추정 기준이다. 정식 착수 전 1주간 실측으로 베이스라인을 재확정한다.
A16: ■ 가정 2 — 관리직 공수를 도급 임률(35,121원/M·H)로 준용해 환산했다. 관리직 실제 인건비 단가와 다르며, 보수적 추정치로 사용한다.
A17: ■ 가정 3 — 절감액은 인건비 절감이 아니라 관리공수 재배치 가치다. 임원 보고 시 이 전제를 함께 제시한다.
A18: ■ 가정 4 — 고객별·계약유형별 분리 집계가 기본이다. 두 고객을 합산할 때는 반드시 출처를 명시한다.
A19: ■ 가정 5 — 공통 LOSS는 50:50 일괄 배분하지 않는다. 자재 미입고=원청, 휴식 미복귀=도급, 설비 워밍업=공통처럼 발생 사유별로 귀책이 다르며, 일괄 배분은 협상 테이블에서 깨진다.
A20: ■ 리스크 — 노무: 개인 근태·점검 지적사항을 개인 단위로 리포팅하면 도급 인력에 대한 직접 지휘 소지가 생긴다. 전 산출물은 공정·항목 단위로만 집계한다.
A21: ■ 리스크 — 정보보안: 원청 자료(생산계획·물량·점검 통지문)와 개인정보는 사내 처리 한정. 외부 전송은 Hook으로 차단한다.
A22: ■ 리스크 — 자산: LOSS 귀책 분류 로직과 카테고리 정의서는 협상 결정 자산이다. 산출물에는 결과 수치만 담고 로직은 포함하지 않는다.
A23: ■ 실행 난이도 — Wave 1(UC-03·04) Low / Wave 2(UC-01·02) Mid / Wave 3(UC-05·06·07·08) Mid / Wave 4(UC-09) High.
